path_id,time,asset_id,value
0,0,0,100
0,0,1,50
0,0,2,75
0,0.01,0,101.081
0,0.01,1,49.7118
0,0.01,2,76.7547
0,0.02,0,102.089
0,0.02,1,49.9446
0,0.02,2,76.0407
0,0.03,0,101.134
0,0.03,1,47.0059
0,0.03,2,76.0947
0,0.04,0,101.979
0,0.04,1,47.1255
0,0.04,2,76.37
0,0.05,0,101.157
0,0.05,1,46.888
0,0.05,2,76.1669
0,0.06,0,100.132
0,0.06,1,45.616
0,0.06,2,76.6927
0,0.07,0,100.113
0,0.07,1,45.7976
0,0.07,2,76.5279
0,0.08,0,102.434
0,0.08,1,48.8894
0,0.08,2,75.2763
0,0.09,0,104.778
0,0.09,1,47.1751
0,0.09,2,75.5343
0,0.1,0,106.464
0,0.1,1,48.2215
0,0.1,2,76.6448
0,0.11,0,104.05
0,0.11,1,46.9378
0,0.11,2,75.9068
0,0.12,0,105.28
0,0.12,1,46.9433
0,0.12,2,74.8885
0,0.13,0,105.473
0,0.13,1,46.465
0,0.13,2,76.331
0,0.14,0,105.154
0,0.14,1,46.1721
0,0.14,2,77.0953
0,0.15,0,107.706
0,0.15,1,45.944
0,0.15,2,80.5319
0,0.16,0,109.452
0,0.16,1,48.4818
0,0.16,2,80.1049
0,0.17,0,109.695
0,0.17,1,49.1635
0,0.17,2,80.6429
0,0.18,0,106.437
0,0.18,1,47.4337
0,0.18,2,79.707
0,0.19,0,105.904
0,0.19,1,47.2221
0,0.19,2,78.8672
0,0.2,0,102.646
0,0.2,1,46.9842
0,0.2,2,79.102
0,0.21,0,103.054
0,0.21,1,47.9967
0,0.21,2,79.0313
0,0.22,0,104.471
0,0.22,1,49.9644
0,0.22,2,78.402
0,0.23,0,102.915
0,0.23,1,49.1085
0,0.23,2,79.6315
0,0.24,0,105.461
0,0.24,1,50.8547
0,0.24,2,77.9682
0,0.25,0,107.77
0,0.25,1,49.01
0,0.25,2,80.1386
0,0.26,0,105.811
0,0.26,1,48.7866
0,0.26,2,79.1147
0,0.27,0,105.27
0,0.27,1,46.8701
0,0.27,2,80.8142
0,0.28,0,105.196
0,0.28,1,47.5726
0,0.28,2,82.3783
0,0.29,0,103.086
0,0.29,1,47.2449
0,0.29,2,82.1822
0,0.3,0,100.213
0,0.3,1,47.0238
0,0.3,2,81.6555
0,0.31,0,100.986
0,0.31,1,48.1773
0,0.31,2,82.3143
0,0.32,0,98.0737
0,0.32,1,45.9599
0,0.32,2,82.4093
0,0.33,0,95.3791
0,0.33,1,44.5372
0,0.33,2,83.127
0,0.34,0,94.7704
0,0.34,1,43.346
0,0.34,2,83.2093
0,0.35,0,95.6915
0,0.35,1,43.3896
0,0.35,2,82.3991
0,0.36,0,93.1569
0,0.36,1,41.1376
0,0.36,2,82.9392
0,0.37,0,92.9177
0,0.37,1,43.1548
0,0.37,2,80.9296
0,0.38,0,91.2787
0,0.38,1,41.9633
0,0.38,2,80.5463
0,0.39,0,93.6314
0,0.39,1,40.512
0,0.39,2,82.0145
0,0.4,0,93.6492
0,0.4,1,39.425
0,0.4,2,83.504
0,0.41,0,94.5528
0,0.41,1,38.9503
0,0.41,2,84.4556
0,0.42,0,94.4783
0,0.42,1,38.6995
0,0.42,2,84.5182
0,0.43,0,96.5394
0,0.43,1,40.7905
0,0.43,2,85.5961
0,0.44,0,91.7631
0,0.44,1,40.5997
0,0.44,2,86.6446
0,0.45,0,90.5442
0,0.45,1,39.9864
0,0.45,2,85.9249
0,0.46,0,91.9074
0,0.46,1,40.4322
0,0.46,2,86.548
0,0.47,0,91.2375
0,0.47,1,41.5078
0,0.47,2,86.1667
0,0.48,0,90.4751
0,0.48,1,41.3526
0,0.48,2,88.1896
0,0.49,0,92.072
0,0.49,1,41.4702
0,0.49,2,87.6098
0,0.5,0,93.4405
0,0.5,1,43.1315
0,0.5,2,86.5504
0,0.51,0,88.8718
0,0.51,1,42.0478
0,0.51,2,86.7178
0,0.52,0,89.7729
0,0.52,1,43.1252
0,0.52,2,85.5209
0,0.53,0,90.5295
0,0.53,1,45.5139
0,0.53,2,83.9597
0,0.54,0,89.442
0,0.54,1,45.5699
0,0.54,2,83.6218
0,0.55,0,90.384
0,0.55,1,46.0236
0,0.55,2,83.9321
0,0.56,0,90.1636
0,0.56,1,44.6858
0,0.56,2,85.589
0,0.57,0,90.3994
0,0.57,1,44.9186
0,0.57,2,85.3259
0,0.58,0,92.1091
0,0.58,1,46.8617
0,0.58,2,85.6575
0,0.59,0,94.308
0,0.59,1,45.4686
0,0.59,2,85.8668
0,0.6,0,92.4966
0,0.6,1,43.8841
0,0.6,2,82.9118
0,0.61,0,91.8337
0,0.61,1,43.6613
0,0.61,2,81.6486
0,0.62,0,91.0301
0,0.62,1,44.4805
0,0.62,2,81.9354
0,0.63,0,87.641
0,0.63,1,43.7406
0,0.63,2,81.415
0,0.64,0,91.6696
0,0.64,1,43.5644
0,0.64,2,83.4092
0,0.65,0,92.4732
0,0.65,1,43.8565
0,0.65,2,84.4872
0,0.66,0,92.2589
0,0.66,1,42.268
0,0.66,2,86.6872
0,0.67,0,93.0327
0,0.67,1,43.4854
0,0.67,2,84.5402
0,0.68,0,93.0704
0,0.68,1,43.9654
0,0.68,2,85.9536
0,0.69,0,92.6644
0,0.69,1,41.8033
0,0.69,2,87.543
0,0.7,0,93.3172
0,0.7,1,42.4129
0,0.7,2,87.3032
0,0.71,0,96.2502
0,0.71,1,45.7656
0,0.71,2,85.7774
0,0.72,0,94.4705
0,0.72,1,43.0707
0,0.72,2,86.4746
0,0.73,0,91.4537
0,0.73,1,40.5564
0,0.73,2,88.441
0,0.74,0,89.4001
0,0.74,1,38.8084
0,0.74,2,87.812
0,0.75,0,88.6415
0,0.75,1,39.4681
0,0.75,2,86.354
0,0.76,0,89.428
0,0.76,1,40.2271
0,0.76,2,84.1918
0,0.77,0,88.5597
0,0.77,1,38.3298
0,0.77,2,85.2062
0,0.78,0,87.3057
0,0.78,1,37.8118
0,0.78,2,84.5058
0,0.79,0,90.8422
0,0.79,1,37.4436
0,0.79,2,87.2679
0,0.8,0,88.7072
0,0.8,1,36.9365
0,0.8,2,87.0641
0,0.81,0,85.4156
0,0.81,1,36.2644
0,0.81,2,85.8088
0,0.82,0,87.1092
0,0.82,1,36.6766
0,0.82,2,87.5194
0,0.83,0,84.9032
0,0.83,1,35.6387
0,0.83,2,87.9128
0,0.84,0,83.6458
0,0.84,1,33.4149
0,0.84,2,87.4594
0,0.85,0,85.0929
0,0.85,1,33.1182
0,0.85,2,87.4577
0,0.86,0,88.1669
0,0.86,1,33.7343
0,0.86,2,86.4035
0,0.87,0,89.23
0,0.87,1,34.2149
0,0.87,2,86.7232
0,0.88,0,93.0841
0,0.88,1,34.9263
0,0.88,2,89.4436
0,0.89,0,92.0269
0,0.89,1,34.7222
0,0.89,2,88.9523
0,0.9,0,90.8214
0,0.9,1,33.8509
0,0.9,2,88.8461
0,0.91,0,92.859
0,0.91,1,33.9519
0,0.91,2,88.9293
0,0.92,0,96.8299
0,0.92,1,35.5179
0,0.92,2,88.8226
0,0.93,0,97.0413
0,0.93,1,38.5321
0,0.93,2,88.6885
0,0.94,0,98.9775
0,0.94,1,40.0524
0,0.94,2,88.8003
0,0.95,0,101.071
0,0.95,1,41.3372
0,0.95,2,88.9632
0,0.96,0,99.0305
0,0.96,1,41.2305
0,0.96,2,88.9808
0,0.97,0,99.9651
0,0.97,1,42.7579
0,0.97,2,89.1078
0,0.98,0,97.726
0,0.98,1,41.2808
0,0.98,2,88.2403
0,0.99,0,97.5571
0,0.99,1,40.796
0,0.99,2,89.7706
0,1,0,94.5938
0,1,1,41.5481
0,1,2,87.0607
1,0,0,100
1,0,1,50
1,0,2,75
1,0.01,0,102.614
1,0.01,1,49.5401
1,0.01,2,74.2269
1,0.02,0,102.607
1,0.02,1,51.2659
1,0.02,2,72.5573
1,0.03,0,102.497
1,0.03,1,51.8439
1,0.03,2,73.6432
1,0.04,0,98.0036
1,0.04,1,52.4352
1,0.04,2,74.0997
1,0.05,0,98.8029
1,0.05,1,51.9401
1,0.05,2,73.0558
1,0.06,0,99.8248
1,0.06,1,53.8103
1,0.06,2,72.8144
1,0.07,0,97.6563
1,0.07,1,54.0253
1,0.07,2,72.954
1,0.08,0,96.0203
1,0.08,1,50.2055
1,0.08,2,74.5249
1,0.09,0,95.9214
1,0.09,1,46.9837
1,0.09,2,75.5104
1,0.1,0,94.8381
1,0.1,1,47.8069
1,0.1,2,74.4821
1,0.11,0,95.3932
1,0.11,1,48.1657
1,0.11,2,71.2631
1,0.12,0,92.8799
1,0.12,1,49.9164
1,0.12,2,70.9772
1,0.13,0,93.3895
1,0.13,1,49.6987
1,0.13,2,72.7612
1,0.14,0,94.0423
1,0.14,1,50.6209
1,0.14,2,73.4422
1,0.15,0,94.2026
1,0.15,1,50.7802
1,0.15,2,73.0842
1,0.16,0,91.5377
1,0.16,1,49.4161
1,0.16,2,73.7483
1,0.17,0,89.4303
1,0.17,1,48.6408
1,0.17,2,72.0903
1,0.18,0,90.2718
1,0.18,1,48.7681
1,0.18,2,72.5727
1,0.19,0,92.2478
1,0.19,1,47.3807
1,0.19,2,75.4541
1,0.2,0,91.9916
1,0.2,1,46.2195
1,0.2,2,77.3451
1,0.21,0,89.8814
1,0.21,1,44.4932
1,0.21,2,77.0974
1,0.22,0,87.0745
1,0.22,1,41.2565
1,0.22,2,79.2192
1,0.23,0,88.4561
1,0.23,1,42.6781
1,0.23,2,79.7108
1,0.24,0,89.4816
1,0.24,1,43.9118
1,0.24,2,78.3059
1,0.25,0,85.1253
1,0.25,1,41.7005
1,0.25,2,77.193
1,0.26,0,85.2656
1,0.26,1,41.4595
1,0.26,2,78.7421
1,0.27,0,85.9719
1,0.27,1,41.7839
1,0.27,2,78.7268
1,0.28,0,85.5551
1,0.28,1,40.4921
1,0.28,2,80.1297
1,0.29,0,83.9431
1,0.29,1,39.1988
1,0.29,2,79.582
1,0.3,0,86.3971
1,0.3,1,39.4633
1,0.3,2,80.1323
1,0.31,0,85.1661
1,0.31,1,38.7423
1,0.31,2,79.0691
1,0.32,0,85.9969
1,0.32,1,38.4802
1,0.32,2,78.1224
1,0.33,0,83.7388
1,0.33,1,36.9407
1,0.33,2,76.5833
1,0.34,0,83.2391
1,0.34,1,35.3586
1,0.34,2,79.039
1,0.35,0,82.6089
1,0.35,1,34.5791
1,0.35,2,77.5483
1,0.36,0,85.4336
1,0.36,1,36.4124
1,0.36,2,77.549
1,0.37,0,83.4775
1,0.37,1,35.5095
1,0.37,2,79.0015
1,0.38,0,83.339
1,0.38,1,36.8054
1,0.38,2,77.583
1,0.39,0,85.435
1,0.39,1,37.7626
1,0.39,2,77.267
1,0.4,0,85.8513
1,0.4,1,38.1377
1,0.4,2,78.8616
1,0.41,0,87.2809
1,0.41,1,38.7951
1,0.41,2,79.8163
1,0.42,0,88.9377
1,0.42,1,38.7216
1,0.42,2,79.0165
1,0.43,0,87.5964
1,0.43,1,37.6396
1,0.43,2,78.5277
1,0.44,0,86.1123
1,0.44,1,37.6608
1,0.44,2,78.4188
1,0.45,0,85.4217
1,0.45,1,37.4487
1,0.45,2,78.2499
1,0.46,0,87.6434
1,0.46,1,37.6412
1,0.46,2,79.8318
1,0.47,0,90.0397
1,0.47,1,38.8336
1,0.47,2,79.2706
1,0.48,0,85.3869
1,0.48,1,38.5687
1,0.48,2,78.6179
1,0.49,0,85.5142
1,0.49,1,38.8318
1,0.49,2,79.8408
1,0.5,0,88.3115
1,0.5,1,39.9184
1,0.5,2,79.2872
1,0.51,0,91.3911
1,0.51,1,41.3529
1,0.51,2,79.4155
1,0.52,0,93.0198
1,0.52,1,39.8992
1,0.52,2,80.9087
1,0.53,0,94.2677
1,0.53,1,41.3217
1,0.53,2,80.3957
1,0.54,0,96.6001
1,0.54,1,41.5893
1,0.54,2,81.1137
1,0.55,0,95.4849
1,0.55,1,40.0064
1,0.55,2,82.5982
1,0.56,0,92.0583
1,0.56,1,41.0589
1,0.56,2,78.6809
1,0.57,0,94.8659
1,0.57,1,40.1336
1,0.57,2,80.5923
1,0.58,0,93.1905
1,0.58,1,41.3643
1,0.58,2,78.6764
1,0.59,0,95.2382
1,0.59,1,42.1105
1,0.59,2,79.2895
1,0.6,0,95.4307
1,0.6,1,41.6138
1,0.6,2,80.255
1,0.61,0,92.9941
1,0.61,1,39.4504
1,0.61,2,80.1693
1,0.62,0,93.1352
1,0.62,1,40.0378
1,0.62,2,77.6909
1,0.63,0,91.0204
1,0.63,1,38.1055
1,0.63,2,77.1932
1,0.64,0,90.9901
1,0.64,1,40.0659
1,0.64,2,76.2739
1,0.65,0,89.1074
1,0.65,1,39.0666
1,0.65,2,75.4882
1,0.66,0,89.4754
1,0.66,1,39.5246
1,0.66,2,75.4101
1,0.67,0,89.6214
1,0.67,1,39.5536
1,0.67,2,77.025
1,0.68,0,90.0105
1,0.68,1,39.8301
1,0.68,2,76.772
1,0.69,0,90.9035
1,0.69,1,41.0405
1,0.69,2,77.3399
1,0.7,0,90.2977
1,0.7,1,40.611
1,0.7,2,76.5281
1,0.71,0,91.3834
1,0.71,1,40.1809
1,0.71,2,77.3137
1,0.72,0,93.6033
1,0.72,1,40.0166
1,0.72,2,78.1569
1,0.73,0,91.4162
1,0.73,1,38.6019
1,0.73,2,77.8849
1,0.74,0,87.4822
1,0.74,1,39.5516
1,0.74,2,75.9262
1,0.75,0,88.4981
1,0.75,1,41.5188
1,0.75,2,76.6223
1,0.76,0,92.2318
1,0.76,1,44.0017
1,0.76,2,74.564
1,0.77,0,91.7442
1,0.77,1,44.6592
1,0.77,2,74.7295
1,0.78,0,89.1933
1,0.78,1,43.722
1,0.78,2,72.4319
1,0.79,0,86.9923
1,0.79,1,42.2304
1,0.79,2,72.451
1,0.8,0,89.1041
1,0.8,1,44.0133
1,0.8,2,72.4388
1,0.81,0,89.9531
1,0.81,1,44.3365
1,0.81,2,73.0952
1,0.82,0,91.4659
1,0.82,1,46.9685
1,0.82,2,72.6639
1,0.83,0,91.3547
1,0.83,1,48.4612
1,0.83,2,72.6433
1,0.84,0,89.7383
1,0.84,1,49.9905
1,0.84,2,71.8099
1,0.85,0,91.1547
1,0.85,1,51.886
1,0.85,2,70.6898
1,0.86,0,91.2239
1,0.86,1,52.5804
1,0.86,2,70.2988
1,0.87,0,93.535
1,0.87,1,51.2391
1,0.87,2,69.652
1,0.88,0,97.4486
1,0.88,1,53.1745
1,0.88,2,68.7298
1,0.89,0,98.0058
1,0.89,1,52.6203
1,0.89,2,68.1696
1,0.9,0,97.9143
1,0.9,1,53.2409
1,0.9,2,69.0944
1,0.91,0,100.911
1,0.91,1,53.7111
1,0.91,2,68.5829
1,0.92,0,99.9349
1,0.92,1,53.8373
1,0.92,2,68.4942
1,0.93,0,101.377
1,0.93,1,55.1867
1,0.93,2,68.8276
1,0.94,0,102.474
1,0.94,1,54.6821
1,0.94,2,68.7676
1,0.95,0,103.024
1,0.95,1,55.9802
1,0.95,2,66.963
1,0.96,0,104.766
1,0.96,1,59.4873
1,0.96,2,65.8285
1,0.97,0,105.437
1,0.97,1,60.6526
1,0.97,2,67.5389
1,0.98,0,106.983
1,0.98,1,58.8562
1,0.98,2,70.1908
1,0.99,0,103.584
1,0.99,1,55.6279
1,0.99,2,70.5107
1,1,0,102.088
1,1,1,52.837
1,1,2,71.3427
2,0,0,100
2,0,1,50
2,0,2,75
2,0.01,0,98.5204
2,0.01,1,47.0406
2,0.01,2,76.8807
2,0.02,0,100.375
2,0.02,1,47.6852
2,0.02,2,78.8321
2,0.03,0,102.452
2,0.03,1,49.4717
2,0.03,2,79.0386
2,0.04,0,101.486
2,0.04,1,47.974
2,0.04,2,80.1171
2,0.05,0,101.458
2,0.05,1,50.0312
2,0.05,2,78.2366
2,0.06,0,101.685
2,0.06,1,47.2814
2,0.06,2,78.6807
2,0.07,0,106.832
2,0.07,1,49.1641
2,0.07,2,82.3009
2,0.08,0,104.709
2,0.08,1,47.8473
2,0.08,2,83.8528
2,0.09,0,104.478
2,0.09,1,47.8225
2,0.09,2,84.39
2,0.1,0,108.095
2,0.1,1,49.5297
2,0.1,2,85.9307
2,0.11,0,108.855
2,0.11,1,49.6677
2,0.11,2,84.4899
2,0.12,0,108.024
2,0.12,1,47.4672
2,0.12,2,86.1819
2,0.13,0,107.127
2,0.13,1,46.8604
2,0.13,2,88.0024
2,0.14,0,108.559
2,0.14,1,48.1688
2,0.14,2,89.1631
2,0.15,0,108.215
2,0.15,1,47.2865
2,0.15,2,88.9864
2,0.16,0,107.557
2,0.16,1,46.5636
2,0.16,2,88.7255
2,0.17,0,109.658
2,0.17,1,46.6929
2,0.17,2,88.4576
2,0.18,0,107.4
2,0.18,1,47.7088
2,0.18,2,85.5214
2,0.19,0,108.873
2,0.19,1,47.2325
2,0.19,2,87.6504
2,0.2,0,109.962
2,0.2,1,46.4443
2,0.2,2,88.1385
2,0.21,0,103.893
2,0.21,1,42.6642
2,0.21,2,89.2646
2,0.22,0,104.28
2,0.22,1,41.106
2,0.22,2,90.8264
2,0.23,0,102.876
2,0.23,1,41.8178
2,0.23,2,89.1613
2,0.24,0,101.062
2,0.24,1,39.6693
2,0.24,2,89.9532
2,0.25,0,101.98
2,0.25,1,39.9184
2,0.25,2,90.3243
2,0.26,0,104.29
2,0.26,1,40.7678
2,0.26,2,88.99
2,0.27,0,102.01
2,0.27,1,38.9938
2,0.27,2,87.1674
2,0.28,0,99.281
2,0.28,1,39.3716
2,0.28,2,85.5146
2,0.29,0,98.1918
2,0.29,1,41.3725
2,0.29,2,83.6189
2,0.3,0,100.374
2,0.3,1,42.833
2,0.3,2,81.7213
2,0.31,0,104.074
2,0.31,1,44.2967
2,0.31,2,85.0202
2,0.32,0,100.931
2,0.32,1,43.2918
2,0.32,2,86.4189
2,0.33,0,99.5368
2,0.33,1,42.5257
2,0.33,2,86.232
2,0.34,0,99.805
2,0.34,1,42.3045
2,0.34,2,87.0364
2,0.35,0,100.104
2,0.35,1,43.9729
2,0.35,2,87.3974
2,0.36,0,99.6404
2,0.36,1,44.2282
2,0.36,2,85.3118
2,0.37,0,96.8786
2,0.37,1,43.357
2,0.37,2,86.0784
2,0.38,0,93.6167
2,0.38,1,42.4749
2,0.38,2,86.6343
2,0.39,0,94.4892
2,0.39,1,44.6842
2,0.39,2,86.2166
2,0.4,0,96.8983
2,0.4,1,44.3299
2,0.4,2,86.8892
2,0.41,0,96.4484
2,0.41,1,43.4994
2,0.41,2,88.0786
2,0.42,0,99.1261
2,0.42,1,45.4069
2,0.42,2,88.3114
2,0.43,0,99.695
2,0.43,1,46.2438
2,0.43,2,89.3885
2,0.44,0,96.7567
2,0.44,1,46.5491
2,0.44,2,87.8081
2,0.45,0,95.5084
2,0.45,1,47.5518
2,0.45,2,86.526
2,0.46,0,97.3703
2,0.46,1,48.5854
2,0.46,2,86.246
2,0.47,0,97.4941
2,0.47,1,49.0114
2,0.47,2,85.9761
2,0.48,0,94.9411
2,0.48,1,44.5247
2,0.48,2,89.8552
2,0.49,0,96.9959
2,0.49,1,46.2724
2,0.49,2,89.0789
2,0.5,0,94.4093
2,0.5,1,47.5955
2,0.5,2,86.443
2,0.51,0,96.6306
2,0.51,1,49.8196
2,0.51,2,87.5771
2,0.52,0,96.9121
2,0.52,1,51.7088
2,0.52,2,86.801
2,0.53,0,95.644
2,0.53,1,51.0236
2,0.53,2,86.7161
2,0.54,0,99.1559
2,0.54,1,51.2446
2,0.54,2,86.7495
2,0.55,0,100.88
2,0.55,1,50.7276
2,0.55,2,90.124
2,0.56,0,100.731
2,0.56,1,51.0319
2,0.56,2,91.3494
2,0.57,0,99.7832
2,0.57,1,52.5548
2,0.57,2,89.1808
2,0.58,0,96.1316
2,0.58,1,50.8308
2,0.58,2,89.019
2,0.59,0,95.9401
2,0.59,1,51.8652
2,0.59,2,90.2358
2,0.6,0,97.4234
2,0.6,1,53.2367
2,0.6,2,89.969
2,0.61,0,97.2307
2,0.61,1,50.7532
2,0.61,2,91.2257
2,0.62,0,94.8836
2,0.62,1,50.1628
2,0.62,2,91.0479
2,0.63,0,99.2928
2,0.63,1,51.3066
2,0.63,2,90.4373
2,0.64,0,96.8243
2,0.64,1,49.433
2,0.64,2,92.5017
2,0.65,0,101.332
2,0.65,1,49.9669
2,0.65,2,93.0612
2,0.66,0,103.381
2,0.66,1,53.2717
2,0.66,2,92.3721
2,0.67,0,106.092
2,0.67,1,55.2993
2,0.67,2,93.4273
2,0.68,0,107.852
2,0.68,1,56.0274
2,0.68,2,93.7217
2,0.69,0,109.491
2,0.69,1,57.0782
2,0.69,2,93.9312
2,0.7,0,108.925
2,0.7,1,57.0529
2,0.7,2,93.4264
2,0.71,0,114.656
2,0.71,1,57.4744
2,0.71,2,94.5569
2,0.72,0,113.033
2,0.72,1,57.8079
2,0.72,2,92.9699
2,0.73,0,110.911
2,0.73,1,56.724
2,0.73,2,93.8092
2,0.74,0,112.423
2,0.74,1,56.3503
2,0.74,2,94.3722
2,0.75,0,113.244
2,0.75,1,59.8906
2,0.75,2,94.7938
2,0.76,0,110.415
2,0.76,1,63.0603
2,0.76,2,91.6078
2,0.77,0,112.708
2,0.77,1,64.1998
2,0.77,2,90.3384
2,0.78,0,108.076
2,0.78,1,62.7782
2,0.78,2,91.1647
2,0.79,0,109.178
2,0.79,1,66.6165
2,0.79,2,92.0596
2,0.8,0,109.55
2,0.8,1,66.4753
2,0.8,2,93.4578
2,0.81,0,104.409
2,0.81,1,62.2741
2,0.81,2,92.0923
2,0.82,0,103.547
2,0.82,1,60.8628
2,0.82,2,95.5147
2,0.83,0,100.448
2,0.83,1,58.451
2,0.83,2,94.7332
2,0.84,0,99.9637
2,0.84,1,58.5201
2,0.84,2,96.7091
2,0.85,0,99.7444
2,0.85,1,58.4353
2,0.85,2,96.138
2,0.86,0,101.363
2,0.86,1,61.6214
2,0.86,2,96.15
2,0.87,0,100.907
2,0.87,1,62.1765
2,0.87,2,95.4574
2,0.88,0,99.0333
2,0.88,1,58.8613
2,0.88,2,96.9233
2,0.89,0,99.494
2,0.89,1,60.3634
2,0.89,2,95.6259
2,0.9,0,99.2469
2,0.9,1,61.2133
2,0.9,2,94.6256
2,0.91,0,98.3018
2,0.91,1,60.5983
2,0.91,2,95.2191
2,0.92,0,99.2721
2,0.92,1,61.9724
2,0.92,2,93.4628
2,0.93,0,100.254
2,0.93,1,66.4865
2,0.93,2,92.2175
2,0.94,0,96.8977
2,0.94,1,70.3165
2,0.94,2,87.5631
2,0.95,0,95.6556
2,0.95,1,73.7546
2,0.95,2,85.0613
2,0.96,0,91.4072
2,0.96,1,67.9531
2,0.96,2,85.3525
2,0.97,0,91.11
2,0.97,1,67.6944
2,0.97,2,85.6249
2,0.98,0,91.3836
2,0.98,1,66.3747
2,0.98,2,85.1174
2,0.99,0,90.276
2,0.99,1,65.8782
2,0.99,2,84.9945
2,1,0,91.9596
2,1,1,68.232
2,1,2,86.8228
3,0,0,100
3,0,1,50
3,0,2,75
3,0.01,0,100.315
3,0.01,1,51.5732
3,0.01,2,76.1619
3,0.02,0,100.681
3,0.02,1,52.4688
3,0.02,2,75.5587
3,0.03,0,100.19
3,0.03,1,51.9364
3,0.03,2,74.9327
3,0.04,0,97.8983
3,0.04,1,51.8694
3,0.04,2,73.4822
3,0.05,0,97.7617
3,0.05,1,53.2389
3,0.05,2,72.8086
3,0.06,0,98.2595
3,0.06,1,54.6576
3,0.06,2,71.6805
3,0.07,0,94.5895
3,0.07,1,54.0763
3,0.07,2,70.1515
3,0.08,0,94.1012
3,0.08,1,52.948
3,0.08,2,70.0834
3,0.09,0,93.5273
3,0.09,1,52.6645
3,0.09,2,71.0635
3,0.1,0,92.9173
3,0.1,1,51.4661
3,0.1,2,71.8697
3,0.11,0,93.8776
3,0.11,1,51.1441
3,0.11,2,71.7115
3,0.12,0,94.8454
3,0.12,1,54.0152
3,0.12,2,70.7035
3,0.13,0,98.5174
3,0.13,1,54.7835
3,0.13,2,72.9985
3,0.14,0,100.741
3,0.14,1,55.4943
3,0.14,2,72.7521
3,0.15,0,103.062
3,0.15,1,55.8291
3,0.15,2,73.9358
3,0.16,0,101.943
3,0.16,1,55.3287
3,0.16,2,74.5067
3,0.17,0,102.214
3,0.17,1,57.3291
3,0.17,2,73.405
3,0.18,0,103.97
3,0.18,1,59.1812
3,0.18,2,72.5506
3,0.19,0,104.528
3,0.19,1,60.107
3,0.19,2,73.8656
3,0.2,0,103.862
3,0.2,1,58.016
3,0.2,2,73.342
3,0.21,0,105.7
3,0.21,1,60.231
3,0.21,2,72.8007
3,0.22,0,106.501
3,0.22,1,63.2917
3,0.22,2,72.506
3,0.23,0,103.026
3,0.23,1,65.9062
3,0.23,2,70.451
3,0.24,0,102.214
3,0.24,1,61.2961
3,0.24,2,73.08
3,0.25,0,101.74
3,0.25,1,61.9273
3,0.25,2,74.2073
3,0.26,0,105.125
3,0.26,1,60.9569
3,0.26,2,75.7579
3,0.27,0,104.201
3,0.27,1,59.6722
3,0.27,2,77.1101
3,0.28,0,101.488
3,0.28,1,61.5795
3,0.28,2,74.3238
3,0.29,0,100.758
3,0.29,1,64.4134
3,0.29,2,73.1798
3,0.3,0,101.47
3,0.3,1,66.9155
3,0.3,2,73.483
3,0.31,0,102.473
3,0.31,1,67.8884
3,0.31,2,73.8931
3,0.32,0,101.252
3,0.32,1,65.7025
3,0.32,2,74.4004
3,0.33,0,100.527
3,0.33,1,65.3535
3,0.33,2,73.2388
3,0.34,0,99.3516
3,0.34,1,63.4831
3,0.34,2,73.5822
3,0.35,0,101.538
3,0.35,1,63.7806
3,0.35,2,73.1483
3,0.36,0,102.872
3,0.36,1,64.6564
3,0.36,2,73.5753
3,0.37,0,105.769
3,0.37,1,68.9082
3,0.37,2,73.8565
3,0.38,0,102.578
3,0.38,1,68.3794
3,0.38,2,74.4637
3,0.39,0,107.58
3,0.39,1,70.3136
3,0.39,2,77.1059
3,0.4,0,109.035
3,0.4,1,71.9048
3,0.4,2,78.3825
3,0.41,0,109.037
3,0.41,1,70.8533
3,0.41,2,77.4812
3,0.42,0,108.608
3,0.42,1,73.5594
3,0.42,2,77.2646
3,0.43,0,113.362
3,0.43,1,75.4355
3,0.43,2,79.0049
3,0.44,0,109.887
3,0.44,1,73.3335
3,0.44,2,80.4827
3,0.45,0,112.234
3,0.45,1,74.1848
3,0.45,2,78.7788
3,0.46,0,113.426
3,0.46,1,74.781
3,0.46,2,78.0682
3,0.47,0,112.407
3,0.47,1,71.6478
3,0.47,2,78.3468
3,0.48,0,109.44
3,0.48,1,70.9148
3,0.48,2,77.5215
3,0.49,0,110.595
3,0.49,1,71.3373
3,0.49,2,78.7473
3,0.5,0,111.499
3,0.5,1,73.2284
3,0.5,2,79.3343
3,0.51,0,112.329
3,0.51,1,79.5757
3,0.51,2,78.1581
3,0.52,0,118.212
3,0.52,1,81.9636
3,0.52,2,78.9078
3,0.53,0,122.15
3,0.53,1,87.261
3,0.53,2,79.6538
3,0.54,0,123.676
3,0.54,1,84.6047
3,0.54,2,79.3571
3,0.55,0,123.425
3,0.55,1,87.251
3,0.55,2,77.9277
3,0.56,0,125.336
3,0.56,1,84.8095
3,0.56,2,80.6316
3,0.57,0,129.019
3,0.57,1,83.6617
3,0.57,2,82.1748
3,0.58,0,122.349
3,0.58,1,78.8538
3,0.58,2,81.8607
3,0.59,0,120.336
3,0.59,1,77.5049
3,0.59,2,83.7052
3,0.6,0,124.108
3,0.6,1,79.9146
3,0.6,2,83.2138
3,0.61,0,126.834
3,0.61,1,78.5137
3,0.61,2,83.9521
3,0.62,0,129.553
3,0.62,1,79.6183
3,0.62,2,84.3139
3,0.63,0,133.624
3,0.63,1,78.1805
3,0.63,2,84.845
3,0.64,0,131.641
3,0.64,1,79.3658
3,0.64,2,83.9246
3,0.65,0,126.567
3,0.65,1,75.886
3,0.65,2,84.2634
3,0.66,0,124.385
3,0.66,1,72.453
3,0.66,2,87.1916
3,0.67,0,120.684
3,0.67,1,68.4265
3,0.67,2,88.9679
3,0.68,0,116.794
3,0.68,1,67.1174
3,0.68,2,90.1718
3,0.69,0,121.036
3,0.69,1,68.1587
3,0.69,2,92.2489
3,0.7,0,121.518
3,0.7,1,68.4694
3,0.7,2,91.6789
3,0.71,0,123.108
3,0.71,1,66.9694
3,0.71,2,91.6024
3,0.72,0,123.64
3,0.72,1,70.0264
3,0.72,2,89.6106
3,0.73,0,123.175
3,0.73,1,73.4456
3,0.73,2,88.8208
3,0.74,0,123.403
3,0.74,1,70.3842
3,0.74,2,90.0663
3,0.75,0,118.312
3,0.75,1,69.0186
3,0.75,2,89.8522
3,0.76,0,116.637
3,0.76,1,66.8627
3,0.76,2,90.8847
3,0.77,0,115.31
3,0.77,1,65.5242
3,0.77,2,91.0071
3,0.78,0,115.131
3,0.78,1,64.5956
3,0.78,2,92.1208
3,0.79,0,116.356
3,0.79,1,65.7652
3,0.79,2,91.7403
3,0.8,0,116.875
3,0.8,1,67.2979
3,0.8,2,91.5594
3,0.81,0,121.177
3,0.81,1,70.6516
3,0.81,2,91.031
3,0.82,0,118.838
3,0.82,1,71.3678
3,0.82,2,88.297
3,0.83,0,119.388
3,0.83,1,71.0254
3,0.83,2,88.2088
3,0.84,0,118.005
3,0.84,1,71.7194
3,0.84,2,89.0496
3,0.85,0,119.876
3,0.85,1,72.395
3,0.85,2,88.8985
3,0.86,0,121.829
3,0.86,1,71.6195
3,0.86,2,87.9968
3,0.87,0,124.728
3,0.87,1,70.4334
3,0.87,2,90.9573
3,0.88,0,128.128
3,0.88,1,73.864
3,0.88,2,88.2936
3,0.89,0,131.042
3,0.89,1,79.4004
3,0.89,2,89.2851
3,0.9,0,125.469
3,0.9,1,76.4224
3,0.9,2,88.9276
3,0.91,0,122.899
3,0.91,1,76.1767
3,0.91,2,90.2643
3,0.92,0,122.968
3,0.92,1,76.3564
3,0.92,2,90.9838
3,0.93,0,120.124
3,0.93,1,75.2421
3,0.93,2,88.7048
3,0.94,0,119.823
3,0.94,1,70.8603
3,0.94,2,91.2103
3,0.95,0,122.23
3,0.95,1,73.5319
3,0.95,2,91.0682
3,0.96,0,125.515
3,0.96,1,74.7401
3,0.96,2,92.6385
3,0.97,0,129.421
3,0.97,1,74.2117
3,0.97,2,92.1609
3,0.98,0,129.235
3,0.98,1,73.3393
3,0.98,2,91.877
3,0.99,0,135.366
3,0.99,1,76.8596
3,0.99,2,92.5039
3,1,0,136.848
3,1,1,79.4781
3,1,2,94.9937
4,0,0,100
4,0,1,50
4,0,2,75
4,0.01,0,99.0912
4,0.01,1,50.0107
4,0.01,2,74.718
4,0.02,0,99.7674
4,0.02,1,51.9958
4,0.02,2,74.2194
4,0.03,0,100.842
4,0.03,1,51.708
4,0.03,2,73.9969
4,0.04,0,102.806
4,0.04,1,52.2834
4,0.04,2,73.5179
4,0.05,0,105.227
4,0.05,1,52.6019
4,0.05,2,74.0944
4,0.06,0,103.171
4,0.06,1,52.418
4,0.06,2,76.1271
4,0.07,0,105.618
4,0.07,1,54.1615
4,0.07,2,75.0424
4,0.08,0,104.693
4,0.08,1,54.2022
4,0.08,2,74.9944
4,0.09,0,105.53
4,0.09,1,52.2717
4,0.09,2,75.0547
4,0.1,0,107.841
4,0.1,1,54.3641
4,0.1,2,75.2778
4,0.11,0,109.364
4,0.11,1,55.7915
4,0.11,2,74.0481
4,0.12,0,108.883
4,0.12,1,54.7818
4,0.12,2,73.8874
4,0.13,0,111.318
4,0.13,1,55.6098
4,0.13,2,74.3312
4,0.14,0,108.453
4,0.14,1,53.4908
4,0.14,2,73.4175
4,0.15,0,105.927
4,0.15,1,53.3553
4,0.15,2,71.6065
4,0.16,0,107.535
4,0.16,1,51.8377
4,0.16,2,73.1735
4,0.17,0,111.668
4,0.17,1,52.5217
4,0.17,2,73.5337
4,0.18,0,115.539
4,0.18,1,55.5528
4,0.18,2,73.691
4,0.19,0,114.965
4,0.19,1,56.3527
4,0.19,2,74.134
4,0.2,0,113.301
4,0.2,1,58.2769
4,0.2,2,74.195
4,0.21,0,110.518
4,0.21,1,54.6735
4,0.21,2,73.3135
4,0.22,0,113.142
4,0.22,1,55.3648
4,0.22,2,74.8772
4,0.23,0,113.663
4,0.23,1,54.8304
4,0.23,2,76.0157
4,0.24,0,110.662
4,0.24,1,55.0079
4,0.24,2,76.938
4,0.25,0,107.313
4,0.25,1,53.4306
4,0.25,2,75.4115
4,0.26,0,104.148
4,0.26,1,52.4289
4,0.26,2,75.0236
4,0.27,0,100.459
4,0.27,1,52.2413
4,0.27,2,74.8658
4,0.28,0,103.144
4,0.28,1,51.6958
4,0.28,2,75.4827
4,0.29,0,102.576
4,0.29,1,53.1821
4,0.29,2,75.1594
4,0.3,0,102.587
4,0.3,1,52.8188
4,0.3,2,74.4348
4,0.31,0,104.206
4,0.31,1,54.6539
4,0.31,2,73.067
4,0.32,0,105.869
4,0.32,1,54.7686
4,0.32,2,73.235
4,0.33,0,106.633
4,0.33,1,55.6931
4,0.33,2,75.4555
4,0.34,0,107.017
4,0.34,1,55.2774
4,0.34,2,75.4422
4,0.35,0,103.779
4,0.35,1,52.3853
4,0.35,2,75.0186
4,0.36,0,101.298
4,0.36,1,51.5216
4,0.36,2,76.0199
4,0.37,0,101.154
4,0.37,1,51.7472
4,0.37,2,77.3005
4,0.38,0,101.944
4,0.38,1,53.7101
4,0.38,2,74.7581
4,0.39,0,102.052
4,0.39,1,50.2662
4,0.39,2,76.7491
4,0.4,0,106.577
4,0.4,1,54.5736
4,0.4,2,76.5834
4,0.41,0,107.555
4,0.41,1,53.9756
4,0.41,2,76.5605
4,0.42,0,108.853
4,0.42,1,53.7243
4,0.42,2,76.5739
4,0.43,0,110.097
4,0.43,1,54.3297
4,0.43,2,77.3803
4,0.44,0,110.424
4,0.44,1,54.1655
4,0.44,2,75.5742
4,0.45,0,111.145
4,0.45,1,53.0138
4,0.45,2,76.0878
4,0.46,0,111.839
4,0.46,1,54.6587
4,0.46,2,76.1534
4,0.47,0,109.542
4,0.47,1,53.7542
4,0.47,2,76.0035
4,0.48,0,106.133
4,0.48,1,51.1682
4,0.48,2,76.4146
4,0.49,0,105.211
4,0.49,1,51.8217
4,0.49,2,77.1925
4,0.5,0,101.778
4,0.5,1,47.8618
4,0.5,2,79.0546
4,0.51,0,100.605
4,0.51,1,46.7687
4,0.51,2,79.1421
4,0.52,0,103.954
4,0.52,1,49.0281
4,0.52,2,77.5369
4,0.53,0,103.465
4,0.53,1,47.3081
4,0.53,2,77.5975
4,0.54,0,101.923
4,0.54,1,48.6695
4,0.54,2,77.5664
4,0.55,0,103.251
4,0.55,1,47.5541
4,0.55,2,77.7148
4,0.56,0,101.789
4,0.56,1,45.7995
4,0.56,2,78.6149
4,0.57,0,103.326
4,0.57,1,46.8977
4,0.57,2,79.9066
4,0.58,0,102.484
4,0.58,1,48.2703
4,0.58,2,77.7638
4,0.59,0,108.069
4,0.59,1,47.8257
4,0.59,2,78.2928
4,0.6,0,107.245
4,0.6,1,46.2722
4,0.6,2,78.5524
4,0.61,0,110.232
4,0.61,1,47.7237
4,0.61,2,79.2775
4,0.62,0,108.097
4,0.62,1,48.3315
4,0.62,2,76.9227
4,0.63,0,110.478
4,0.63,1,49.673
4,0.63,2,76.5385
4,0.64,0,110.263
4,0.64,1,47.9335
4,0.64,2,78.0366
4,0.65,0,110.307
4,0.65,1,45.7979
4,0.65,2,79.5613
4,0.66,0,109.503
4,0.66,1,46.2011
4,0.66,2,80.324
4,0.67,0,110.26
4,0.67,1,47.6752
4,0.67,2,79.7409
4,0.68,0,111.406
4,0.68,1,48.2734
4,0.68,2,80.2717
4,0.69,0,111.09
4,0.69,1,48.5991
4,0.69,2,79.3356
4,0.7,0,112.943
4,0.7,1,50.884
4,0.7,2,78.8121
4,0.71,0,108.116
4,0.71,1,48.0205
4,0.71,2,78.5801
4,0.72,0,108.963
4,0.72,1,48.16
4,0.72,2,79.7907
4,0.73,0,108.852
4,0.73,1,47.3876
4,0.73,2,80.7256
4,0.74,0,111.286
4,0.74,1,48.4312
4,0.74,2,78.364
4,0.75,0,111.301
4,0.75,1,48.7533
4,0.75,2,79.4685
4,0.76,0,109.997
4,0.76,1,45.555
4,0.76,2,81.8411
4,0.77,0,109.734
4,0.77,1,44.5481
4,0.77,2,82.3196
4,0.78,0,111.87
4,0.78,1,46.0387
4,0.78,2,81.4445
4,0.79,0,111.663
4,0.79,1,45.7417
4,0.79,2,82.1657
4,0.8,0,111.659
4,0.8,1,46.576
4,0.8,2,81.464
4,0.81,0,109.332
4,0.81,1,45.7794
4,0.81,2,80.197
4,0.82,0,109.306
4,0.82,1,46.7774
4,0.82,2,79.7939
4,0.83,0,110.157
4,0.83,1,45.7656
4,0.83,2,80.7072
4,0.84,0,108.385
4,0.84,1,42.701
4,0.84,2,82.6212
4,0.85,0,107.64
4,0.85,1,41.2625
4,0.85,2,83.0143
4,0.86,0,108.372
4,0.86,1,43.6806
4,0.86,2,81.8933
4,0.87,0,110.887
4,0.87,1,43.0836
4,0.87,2,83.468
4,0.88,0,110.166
4,0.88,1,43.6627
4,0.88,2,85.3104
4,0.89,0,113.745
4,0.89,1,45.1675
4,0.89,2,84.6412
4,0.9,0,116.361
4,0.9,1,43.9503
4,0.9,2,86.2825
4,0.91,0,117.15
4,0.91,1,43.5757
4,0.91,2,87.0183
4,0.92,0,115.797
4,0.92,1,43.8243
4,0.92,2,86.5487
4,0.93,0,113.678
4,0.93,1,42.7583
4,0.93,2,86.0288
4,0.94,0,117.095
4,0.94,1,45.335
4,0.94,2,86.3166
4,0.95,0,115.149
4,0.95,1,44.9805
4,0.95,2,87.1619
4,0.96,0,114.795
4,0.96,1,43.4877
4,0.96,2,88.1021
4,0.97,0,116.619
4,0.97,1,44.6985
4,0.97,2,88.6646
4,0.98,0,115.849
4,0.98,1,44.2668
4,0.98,2,88.9996
4,0.99,0,118.404
4,0.99,1,43.5303
4,0.99,2,90.7853
4,1,0,120.261
4,1,1,45.1298
4,1,2,92.2422
